"W3G", "SANTINIS", "5000", "500", "MIX", "0.5", "200", "12", "", "0.5806456629178084", "0.6759916666666667", "0.5133438", "0.5975006941964383", "0.6247015271277518"
"W3G", "SANTINIS", "5000", "500", "MIX", "0.5", "300", "12", "", "0.5858560399874659", "0.6780083333333332", "0.5149634", "0.6022265035003187", "0.6285726310988365"
"W3G", "SANTINIS", "5000", "500", "MIX", "0.5", "500", "12", "", "0.5842998875110915", "0.6764583333333333", "0.5117798", "0.6006664495657771", "0.6270108281473277"
"W3G", "SANTINIS", "5000", "500", "MIX", "0.5", "1000", "12", "", "0.5923437828799337", "0.6808916666666667", "0.512427", "0.6081616975209694", "0.6335386682932512"
"W3G", "SANTINIS", "5000", "500", "MIX", "0.7", "200", "12", "", "0.7501470603724409", "0.6287666666666666", "0.52284765", "0.7222612454956907", "0.6841145423549786"
"W3G", "SANTINIS", "5000", "500", "MIX", "0.7", "300", "12", "", "0.7166901271543774", "0.622475", "0.5199107", "0.6956325398786196", "0.6662683755040654"
"W3G", "SANTINIS", "5000", "500", "MIX", "0.7", "500", "12", "", "0.721774941091788", "0.6246583333333333", "0.5181571", "0.7000086531336546", "0.6697141853340832"
"W3G", "SANTINIS", "5000", "500", "MIX", "0.7", "1000", "12", "", "0.7323115883936331", "0.6248583333333333", "0.5156214", "0.7079627410071182", "0.6743311817904981"
"W3G", "SANTINIS", "5000", "500", "MIX", "0.9", "200", "12", "", "0.8676608292942751", "0.5577083333333334", "0.43926913", "0.7808658813059792", "0.6789843469214326"
"W3G", "SANTINIS", "5000", "500", "MIX", "0.9", "300", "12", "", "0.850660181702502", "0.5581583333333333", "0.43659842", "0.7699608664188117", "0.6740443345749494"
"W3G", "SANTINIS", "5000", "500", "MIX", "0.9", "500", "12", "", "0.8567640767558405", "0.558975", "0.43677592", "0.7742672464882854", "0.6765507962131204"
"W3G", "SANTINIS", "5000", "500", "MIX", "0.9", "1000", "12", "", "0.8558807702610668", "0.5589916666666667", "0.43706757", "0.7736963546810454", "0.6762874245752525"
"W3G", "SANTINIS", "5000", "1000", "MIX", "0.5", "200", "12", "", "0.4733573471959989", "0.7512416666666667", "0.5704955", "0.5111740036569155", "0.5807709436491741"
"W3G", "SANTINIS", "5000", "1000", "MIX", "0.5", "300", "12", "", "0.4821620967066373", "0.7491166666666667", "0.5679821", "0.5191638534139349", "0.586700060818605"
"W3G", "SANTINIS", "5000", "1000", "MIX", "0.5", "500", "12", "", "0.49369021164999444", "0.753", "0.566398", "0.5302076152323195", "0.5963770725053441"
"W3G", "SANTINIS", "5000", "1000", "MIX", "0.5", "1000", "12", "", "0.4953742868882121", "0.7475083333333333", "0.5693911", "0.5312096143642139", "0.5958670618501208"
"W3G", "SANTINIS", "5000", "1000", "MIX", "0.7", "200", "12", "", "0.594982446013857", "0.6867166666666668", "0.5165034", "0.6113147965021183", "0.6375667393532161"
"W3G", "SANTINIS", "5000", "1000", "MIX", "0.7", "300", "12", "", "0.5911938567501706", "0.6851750000000001", "0.51357335", "0.6078693803197748", "0.6347244351137982"
"W3G", "SANTINIS", "5000", "1000", "MIX", "0.7", "500", "12", "", "0.5936387849379486", "0.6877583333333334", "0.5123355", "0.6103438646505822", "0.6372419845640896"
"W3G", "SANTINIS", "5000", "1000", "MIX", "0.7", "1000", "12", "", "0.5992518872237222", "0.6894666666666667", "0.514079", "0.6153553926462542", "0.6412016028334305"
"W3G", "SANTINIS", "5000", "1000", "MIX", "0.9", "200", "12", "", "0.735805231834648", "0.5943499999999999", "0.44672805", "0.7023723252629924", "0.6575560943180008"
"W3G", "SANTINIS", "5000", "1000", "MIX", "0.9", "300", "12", "", "0.745485574837621", "0.596475", "0.44031674", "0.7100107885537669", "0.6627072606884519"
"W3G", "SANTINIS", "5000", "1000", "MIX", "0.9", "500", "12", "", "0.7489854588108654", "0.5981833333333334", "0.44023097", "0.7130342465563287", "0.6651439982610925"
"W3G", "SANTINIS", "5000", "1000", "MIX", "0.9", "1000", "12", "", "0.7383093435927851", "0.5993499999999999", "0.43954173", "0.7055910746104553", "0.6616119525526147"
"W3G", "SANTINIS", "10000", "500", "MIX", "0.5", "200", "12", "", "0.6885202862384251", "0.6668583333333333", "0.5222138", "0.6840760370903691", "0.6775162067883528"
"W3G", "SANTINIS", "10000", "500", "MIX", "0.5", "300", "12", "", "0.6731596774879605", "0.6620083333333333", "0.52297723", "0.6708994549684539", "0.6675374373100607"
"W3G", "SANTINIS", "10000", "500", "MIX", "0.5", "500", "12", "", "0.6726403239375669", "0.6657333333333334", "0.5224992", "0.6712474839421622", "0.6691690060643962"
"W3G", "SANTINIS", "10000", "500", "MIX", "0.5", "1000", "12", "", "0.6780979311853441", "0.6638333333333334", "0.5228885", "0.6751961781491865", "0.6708898166206173"
"W3G", "SANTINIS", "10000", "500", "MIX", "0.7", "200", "12", "", "0.8424346084720189", "0.620175", "0.5275998", "0.7860904610622448", "0.7144174088326172"
"W3G", "SANTINIS", "10000", "500", "MIX", "0.7", "300", "12", "", "0.83527432266968", "0.619925", "0.52711886", "0.7810127380775465", "0.7116653044217228"
"W3G", "SANTINIS", "10000", "500", "MIX", "0.7", "500", "12", "", "0.8572865364871309", "0.6206916666666666", "0.5281991", "0.7965600797027028", "0.7200520386669332"
"W3G", "SANTINIS", "10000", "500", "MIX", "0.7", "1000", "12", "", "0.8010584634002619", "0.619375", "0.52454644", "0.7566672842764619", "0.6985974331818825"
"W3G", "SANTINIS", "10000", "500", "MIX", "0.9", "200", "12", "", "0.8889956359536797", "0.5483083333333333", "0.44207287", "0.7907324866963488", "0.6782750565034193"
"W3G", "SANTINIS", "10000", "500", "MIX", "0.9", "300", "12", "", "0.8769042980264817", "0.5509333333333334", "0.44023192", "0.784116578672068", "0.6767097284947677"
"W3G", "SANTINIS", "10000", "500", "MIX", "0.9", "500", "12", "", "0.8766633229697154", "0.549675", "0.44021094", "0.7834520046042112", "0.6756880948835164"
"W3G", "SANTINIS", "10000", "500", "MIX", "0.9", "1000", "12", "", "0.8765712341808471", "0.5505916666666667", "0.4401979", "0.7837651039451613", "0.6763528066671021"
"W3G", "SANTINIS", "10000", "1000", "MIX", "0.5", "200", "12", "", "0.5546822611391374", "0.7507833333333332", "0.58506334", "0.5852554550689971", "0.6380040940522755"
"W3G", "SANTINIS", "10000", "1000", "MIX", "0.5", "300", "12", "", "0.5656462631031228", "0.7517166666666667", "0.58763564", "0.5951073260912394", "0.6455407447765984"
"W3G", "SANTINIS", "10000", "1000", "MIX", "0.5", "500", "12", "", "0.5650652914422807", "0.7496333333333333", "0.5872232", "0.5943314926516455", "0.6443937340348931"
"W3G", "SANTINIS", "10000", "1000", "MIX", "0.5", "1000", "12", "", "0.565349352753184", "0.7537666666666668", "0.58562315", "0.5951005341496243", "0.6461016178309209"
"W3G", "SANTINIS", "10000", "1000", "MIX", "0.7", "200", "12", "", "0.6950225223876028", "0.6745833333333334", "0.52997255", "0.6908361955371176", "0.6846504166662981"
"W3G", "SANTINIS", "10000", "1000", "MIX", "0.7", "300", "12", "", "0.6933059423422346", "0.6748583333333333", "0.52396184", "0.6895361752282172", "0.683957768898982"
"W3G", "SANTINIS", "10000", "1000", "MIX", "0.7", "500", "12", "", "0.693479063759522", "0.6790083333333333", "0.522577", "0.6905357840704889", "0.6861674129501041"
"W3G", "SANTINIS", "10000", "1000", "MIX", "0.7", "1000", "12", "", "0.6848091526246757", "0.6778833333333334", "0.5222974", "0.68341269026561", "0.6813286429065926"
"W3G", "SANTINIS", "10000", "1000", "MIX", "0.9", "200", "12", "", "0.898162747856188", "0.5894416666666666", "0.4447905", "0.8130006514773424", "0.7117679160747488"
"W3G", "SANTINIS", "10000", "1000", "MIX", "0.9", "300", "12", "", "0.8992772815318617", "0.5952500000000001", "0.4446661", "0.8159291972748453", "0.7163399537051928"
"W3G", "SANTINIS", "10000", "1000", "MIX", "0.9", "500", "12", "", "0.8979789813127976", "0.596075", "0.44444814", "0.8153828853876693", "0.716524072062912"
"W3G", "SANTINIS", "10000", "1000", "MIX", "0.9", "1000", "12", "", "0.8981229238594242", "0.602725", "0.53369415", "0.8179470975858494", "0.7213537503402295"
"W3G", "SANTINIS", "10000", "5000", "MIX", "0.5", "200", "12", "", "0.3339378637240531", "0.8172666666666667", "0.5525334", "0.3787343069617909", "0.4741403939175196"
"W3G", "SANTINIS", "10000", "5000", "MIX", "0.5", "300", "12", "", "0.33050629694668676", "0.8172916666666667", "0.5611529", "0.3752008099150197", "0.4706752422264766"
"W3G", "SANTINIS", "10000", "5000", "MIX", "0.5", "500", "12", "", "0.32861255996919364", "0.8195666666666667", "0.56652457", "0.3733419993798171", "0.4691251925674591"
"W3G", "SANTINIS", "10000", "5000", "MIX", "0.5", "1000", "12", "", "0.3302838999355501", "0.8183250000000001", "0.56523573", "0.37501495722021755", "0.47062071768715136"
"W3G", "SANTINIS", "10000", "5000", "MIX", "0.7", "200", "12", "", "0.39588535008555364", "0.8059166666666666", "0.53237885", "0.44073216829937417", "0.5309536800168235"
"W3G", "SANTINIS", "10000", "5000", "MIX", "0.7", "300", "12", "", "0.3896110735220941", "0.8064333333333332", "0.5300576", "0.4345303259742316", "0.5253907880394935"
"W3G", "SANTINIS", "10000", "5000", "MIX", "0.7", "500", "12", "", "0.38752777533050864", "0.8067083333333334", "0.55820644", "0.43247184821665374", "0.5235512198789947"
"W3G", "SANTINIS", "10000", "5000", "MIX", "0.7", "1000", "12", "", "0.3881026430008638", "0.80735", "0.5668711", "0.43308146496172795", "0.5242109265661994"
"W3G", "SANTINIS", "10000", "5000", "MIX", "0.9", "200", "12", "", "0.5453120544099105", "0.7523416666666667", "0.48912257", "0.5770718144450528", "0.6323119538050718"
"W3G", "SANTINIS", "10000", "5000", "MIX", "0.9", "300", "12", "", "0.5422095443628929", "0.7489083333333334", "0.49040902", "0.5738881858578496", "0.6290134358774314"
"W3G", "SANTINIS", "10000", "5000", "MIX", "0.9", "500", "12", "", "0.5405346376890483", "0.7486333333333333", "0.50639236", "0.5723542671772799", "0.6277882427909813"
"W3G", "SANTINIS", "10000", "5000", "MIX", "0.9", "1000", "12", "", "0.541546960506934", "0.7511916666666666", "0.5278723", "0.5735611773368361", "0.6293701685558774"
"W3G", "SANTINIS", "50000", "500", "MIX", "0.5", "200", "12", "", "0.8184227310850615", "0.27576666666666666", "0.17747864", "0.5872884563912607", "0.4125313386134035"
"W3G", "SANTINIS", "50000", "500", "MIX", "0.5", "300", "12", "", "0.81207716174623", "0.2902666666666667", "0.17748338", "0.5973181666280425", "0.4276686179766304"
"W3G", "SANTINIS", "50000", "500", "MIX", "0.5", "500", "12", "", "0.8106605300445646", "0.29564166666666664", "0.17982325", "0.6011984750125301", "0.43327226668395785"
"W3G", "SANTINIS", "50000", "500", "MIX", "0.5", "1000", "12", "", "0.8097416113403911", "0.2810583333333333", "0.17982668", "0.5883856674068062", "0.41728023332830705"
"W3G", "SANTINIS", "50000", "500", "MIX", "0.7", "200", "12", "", "0.697187751813054", "0.14578333333333332", "0.087684", "0.39692525413208657", "0.24114315712461137"
"W3G", "SANTINIS", "50000", "500", "MIX", "0.7", "300", "12", "", "0.6981023626565671", "0.14369166666666666", "0.088033214", "0.39403697349519956", "0.23832787712857983"
"W3G", "SANTINIS", "50000", "500", "MIX", "0.7", "500", "12", "", "0.6979681126251183", "0.14865833333333334", "0.087696455", "0.4013564144891012", "0.24511111562360613"
"W3G", "SANTINIS", "50000", "500", "MIX", "0.7", "1000", "12", "", "0.7010068487456756", "0.14954166666666666", "0.09016366", "0.40344777376755764", "0.24649912522710177"
"W3G", "SANTINIS", "50000", "500", "MIX", "0.9", "200", "12", "", "0.6869095926094564", "0.04326666666666667", "0.0", "0.17279714441527677", "0.08140579208377176"
"W3G", "SANTINIS", "50000", "500", "MIX", "0.9", "300", "12", "", "0.6872059798113342", "0.045875", "0.0", "0.18103455732942114", "0.0860084361538295"
"W3G", "SANTINIS", "50000", "500", "MIX", "0.9", "500", "12", "", "0.6865264127030675", "0.04025", "0.0", "0.16301962804420367", "0.0760417856945176"
"W3G", "SANTINIS", "50000", "500", "MIX", "0.9", "1000", "12", "", "0.685967884093291", "0.03870833333333334", "0.0", "0.15790101728629866", "0.07328148178433361"
"W3G", "SANTINIS", "50000", "1000", "MIX", "0.5", "200", "12", "", "0.8446681256178498", "0.61845", "0.53421247", "0.7870875694957876", "0.7140708506604893"
"W3G", "SANTINIS", "50000", "1000", "MIX", "0.5", "300", "12", "", "0.8260994653840054", "0.6143833333333334", "0.5337873", "0.7728357193376908", "0.7046828239246516"
"W3G", "SANTINIS", "50000", "1000", "MIX", "0.5", "500", "12", "", "0.8586106103568163", "0.5781083333333333", "0.44694555", "0.7826601550624817", "0.6909771060173965"
"W3G", "SANTINIS", "50000", "1000", "MIX", "0.5", "1000", "12", "", "0.8308144273523329", "0.5558666666666666", "0.4452471", "0.7560241381437892", "0.6660825597793707"
"W3G", "SANTINIS", "50000", "1000", "MIX", "0.7", "200", "12", "", "0.874031733940032", "0.47454166666666664", "0.35847706", "0.74807862895507", "0.6151159077538744"
"W3G", "SANTINIS", "50000", "1000", "MIX", "0.7", "300", "12", "", "0.8796607373657945", "0.4646916666666667", "0.358621", "0.7463608740290245", "0.6081307444708816"
"W3G", "SANTINIS", "50000", "1000", "MIX", "0.7", "500", "12", "", "0.881850709206342", "0.48549166666666665", "0.35780805", "0.7580716342029881", "0.6262238019068481"
"W3G", "SANTINIS", "50000", "1000", "MIX", "0.7", "1000", "12", "", "0.8802072825183876", "0.47333333333333333", "0.35741007", "0.751082289326347", "0.6156172074622769"
"W3G", "SANTINIS", "50000", "1000", "MIX", "0.9", "200", "12", "", "0.8738392251089276", "0.23146666666666668", "0.18269676", "0.5619380743344449", "0.3659885541976491"
"W3G", "SANTINIS", "50000", "1000", "MIX", "0.9", "300", "12", "", "0.8736402252826203", "0.20168333333333333", "0.18259595", "0.524284233900377", "0.32771284764907044"
"W3G", "SANTINIS", "50000", "1000", "MIX", "0.9", "500", "12", "", "0.8739244498687839", "0.207075", "0.18269223", "0.5315629953221749", "0.33481590666590083"
"W3G", "SANTINIS", "50000", "1000", "MIX", "0.9", "1000", "12", "", "0.8726272118956635", "0.19605833333333333", "0.09446017", "0.516295222546721", "0.32017993983238013"
"W3G", "SANTINIS", "50000", "5000", "MIX", "0.5", "200", "12", "", "0.6775249933813566", "0.7562000000000001", "0.6086328", "0.6919225093838326", "0.7147038690964682"
"W3G", "SANTINIS", "50000", "5000", "MIX", "0.5", "300", "12", "", "0.6834857816237935", "0.7563416666666667", "0.6081976", "0.6969120265954353", "0.7180704546646813"
"W3G", "SANTINIS", "50000", "5000", "MIX", "0.5", "500", "12", "", "0.685444872718236", "0.7552416666666666", "0.60708225", "0.6983527363042809", "0.7186525506108531"
"W3G", "SANTINIS", "50000", "5000", "MIX", "0.5", "1000", "12", "", "0.6808090171717008", "0.7543583333333332", "0.6072966", "0.694348702488109", "0.7156990511681061"
"W3G", "SANTINIS", "50000", "5000", "MIX", "0.7", "200", "12", "", "0.7770015248701752", "0.6851083333333333", "0.5350362", "0.756702314557072", "0.7281671985377861"
"W3G", "SANTINIS", "50000", "5000", "MIX", "0.7", "300", "12", "", "0.7931413074411579", "0.6899000000000001", "0.5334718", "0.7700929235370702", "0.7379271032548302"
"W3G", "SANTINIS", "50000", "5000", "MIX", "0.7", "500", "12", "", "0.7881099385692617", "0.6881666666666666", "0.5339589", "0.7658644555407392", "0.7347552450110192"
"W3G", "SANTINIS", "50000", "5000", "MIX", "0.7", "1000", "12", "", "0.7909829072951936", "0.6905916666666667", "0.53385717", "0.7686356111098688", "0.7373860403032201"
"W3G", "SANTINIS", "50000", "5000", "MIX", "0.9", "200", "12", "", "0.8141160387420173", "0.5988333333333333", "0.44895518", "0.7595069506965968", "0.6900740123249265"
"W3G", "SANTINIS", "50000", "5000", "MIX", "0.9", "300", "12", "", "0.8894741351520611", "0.60125", "0.5384165", "0.8116565828426098", "0.7174987124034521"
"W3G", "SANTINIS", "50000", "5000", "MIX", "0.9", "500", "12", "", "0.890643082776247", "0.6000166666666668", "0.53874713", "0.8119839402542216", "0.7169988911511739"
"W3G", "SANTINIS", "50000", "5000", "MIX", "0.9", "1000", "12", "", "0.8832029595867731", "0.6008166666666667", "0.53875285", "0.8073147153561104", "0.7151429115647517"
"W3G", "SANTINIS", "50000", "10000", "MIX", "0.5", "200", "12", "", "0.5693353602877708", "0.8096833333333334", "0.66691595", "0.6052692183238795", "0.6685643268429756"
"W3G", "SANTINIS", "50000", "10000", "MIX", "0.5", "300", "12", "", "0.5774906865345482", "0.8071833333333333", "0.6687907", "0.6123402811982833", "0.6732860595887954"
"W3G", "SANTINIS", "50000", "10000", "MIX", "0.5", "500", "12", "", "0.5747227667951953", "0.8118333333333334", "0.66799855", "0.6103770945358563", "0.673004286615809"
"W3G", "SANTINIS", "50000", "10000", "MIX", "0.5", "1000", "12", "", "0.5751399227269673", "0.8104666666666667", "0.6696384", "0.6105985477398649", "0.6728197449514685"
"W3G", "SANTINIS", "50000", "10000", "MIX", "0.7", "200", "12", "", "0.7297522912670772", "0.7348500000000001", "0.6071451", "0.7307661670434838", "0.73229227406667"
"W3G", "SANTINIS", "50000", "10000", "MIX", "0.7", "300", "12", "", "0.7227996055309989", "0.7418333333333335", "0.60074955", "0.7265278102258536", "0.7321927924396445"
"W3G", "SANTINIS", "50000", "10000", "MIX", "0.7", "500", "12", "", "0.7129148784896526", "0.7378833333333333", "0.61179876", "0.7177724673876279", "0.7251842504849422"
"W3G", "SANTINIS", "50000", "10000", "MIX", "0.7", "1000", "12", "", "0.7172037119537654", "0.7375333333333334", "0.6101856", "0.7211794795846076", "0.7272264717118104"
"W3G", "SANTINIS", "50000", "10000", "MIX", "0.9", "200", "12", "", "0.8036215130531099", "0.6438916666666666", "0.5314947", "0.7656353654916388", "0.71494367396244"
"W3G", "SANTINIS", "50000", "10000", "MIX", "0.9", "300", "12", "", "0.8011813608380048", "0.6430416666666666", "0.5394817", "0.7636226582239671", "0.713453514815768"
"W3G", "SANTINIS", "50000", "10000", "MIX", "0.9", "500", "12", "", "0.8021519748688238", "0.6480416666666666", "0.5360923", "0.7657323274735276", "0.7169082635937469"
"W3G", "SANTINIS", "50000", "10000", "MIX", "0.9", "1000", "12", "", "0.8014910455293643", "0.6472083333333333", "0.5336114", "0.7650177767542438", "0.7161343358425145"
"W3G", "SANTINIS", "100000", "500", "MIX", "0.5", "200", "12", "", "0.7979498058124767", "0.28494166666666665", "0.18140295", "0.5866935406025904", "0.4199297036923139"
"W3G", "SANTINIS", "100000", "500", "MIX", "0.5", "300", "12", "", "0.8151748886734125", "0.27280833333333326", "0.17748258", "0.5832604480694279", "0.4088050224598046"
"W3G", "SANTINIS", "100000", "500", "MIX", "0.5", "500", "12", "", "0.8107473474587538", "0.30190833333333333", "0.2681835", "0.6063558345436498", "0.43997686732960056"
"W3G", "SANTINIS", "100000", "500", "MIX", "0.5", "1000", "12", "", "0.8092955959328929", "0.28982500000000005", "0.17816731", "0.5957396648042852", "0.42680320423287105"
"W3G", "SANTINIS", "100000", "500", "MIX", "0.7", "200", "12", "", "0.7887639579261675", "0.15210833333333332", "0.092960216", "0.4293508575492557", "0.255034763268338"
"W3G", "SANTINIS", "100000", "500", "MIX", "0.7", "300", "12", "", "0.7542667462249567", "0.1478", "0.09015739", "0.41428234999057156", "0.24716713160879036"
"W3G", "SANTINIS", "100000", "500", "MIX", "0.7", "500", "12", "", "0.7040569110980979", "0.14279166666666668", "0.09015697", "0.39417974038756204", "0.23742960052962028"
"W3G", "SANTINIS", "100000", "500", "MIX", "0.7", "1000", "12", "", "0.7062144344201134", "0.13995833333333332", "0.09016079", "0.3903509714833689", "0.23361800091912516"
"W3G", "SANTINIS", "100000", "500", "MIX", "0.9", "200", "12", "", "0.6926521808974337", "0.048933333333333336", "0.0", "0.1907605398162209", "0.09140895932162811"
"W3G", "SANTINIS", "100000", "500", "MIX", "0.9", "300", "12", "", "0.6911724086876214", "0.043175", "0.0", "0.1727186124072564", "0.08127316415106206"
"W3G", "SANTINIS", "100000", "500", "MIX", "0.9", "500", "12", "", "0.6910322472651671", "0.0441", "0.0", "0.17565937974103268", "0.08290895200901588"
"W3G", "SANTINIS", "100000", "500", "MIX", "0.9", "1000", "12", "", "0.6899230289651138", "0.040850000000000004", "0.0", "0.16513884412216603", "0.07713299373715758"
"W3G", "SANTINIS", "100000", "1000", "MIX", "0.5", "200", "12", "", "0.8058219665283891", "0.6095499999999999", "0.5317004", "0.7570675919667529", "0.6940773045013215"
"W3G", "SANTINIS", "100000", "1000", "MIX", "0.5", "300", "12", "", "0.8358718682778977", "0.5935416666666666", "0.44661716", "0.772770757136739", "0.694165501709321"
"W3G", "SANTINIS", "100000", "1000", "MIX", "0.5", "500", "12", "", "0.8432697181359506", "0.5942416666666667", "0.4463991", "0.7780577927749744", "0.6971854387413339"
"W3G", "SANTINIS", "100000", "1000", "MIX", "0.5", "1000", "12", "", "0.8265383572063533", "0.556", "0.44447142", "0.7532364336955719", "0.6647993876066337"
"W3G", "SANTINIS", "100000", "1000", "MIX", "0.7", "200", "12", "", "0.8795931546027341", "0.48504166666666665", "0.35767633", "0.7565171446145306", "0.6252798522321683"
"W3G", "SANTINIS", "100000", "1000", "MIX", "0.7", "300", "12", "", "0.8778422484602881", "0.47305", "0.3576932", "0.7495612672784342", "0.614798517213265"
"W3G", "SANTINIS", "100000", "1000", "MIX", "0.7", "500", "12", "", "0.8859701088617015", "0.47184999999999994", "0.35911584", "0.7536768975237418", "0.6157590289583391"
"W3G", "SANTINIS", "100000", "1000", "MIX", "0.7", "1000", "12", "", "0.874135738330197", "0.4513583333333333", "0.357171", "0.7362162336701343", "0.5953228436014832"
"W3G", "SANTINIS", "100000", "1000", "MIX", "0.9", "200", "12", "", "0.874219887560234", "0.21279166666666668", "0.18272564", "0.5390870424119009", "0.34227181152530284"
"W3G", "SANTINIS", "100000", "1000", "MIX", "0.9", "300", "12", "", "0.8737945872959426", "0.22466666666666665", "0.18269238", "0.5537850738352342", "0.3574318467237214"
"W3G", "SANTINIS", "100000", "1000", "MIX", "0.9", "500", "12", "", "0.8728210428417553", "0.18745", "0.09445299", "0.5041543902147058", "0.308619773378279"
"W3G", "SANTINIS", "100000", "1000", "MIX", "0.9", "1000", "12", "", "0.8729879886557627", "0.19779166666666662", "0.09445635", "0.5187911733562698", "0.3225121964130158"
"W3G", "SANTINIS", "100000", "5000", "MIX", "0.5", "200", "12", "", "0.6818238121209931", "0.7526666666666667", "0.6063941", "0.6949050496828358", "0.7154959388183317"
"W3G", "SANTINIS", "100000", "5000", "MIX", "0.5", "300", "12", "", "0.6790680163602549", "0.7505166666666666", "0.60623074", "0.6922483255347339", "0.7130068895247759"
"W3G", "SANTINIS", "100000", "5000", "MIX", "0.5", "500", "12", "", "0.6839297323957566", "0.753975", "0.60713935", "0.696877906931653", "0.7172462936733184"
"W3G", "SANTINIS", "100000", "5000", "MIX", "0.5", "1000", "12", "", "0.6783714493505366", "0.7537083333333333", "0.6072369", "0.692209401531413", "0.7140582817427824"
"W3G", "SANTINIS", "100000", "5000", "MIX", "0.7", "200", "12", "", "0.7870672083907378", "0.6866", "0.5340957", "0.7646884963270927", "0.7334089300544377"
"W3G", "SANTINIS", "100000", "5000", "MIX", "0.7", "300", "12", "", "0.792757683200553", "0.6894", "0.5342132", "0.7696789951396975", "0.737475037903251"
"W3G", "SANTINIS", "100000", "5000", "MIX", "0.7", "500", "12", "", "0.7911174054570287", "0.6894833333333333", "0.5345542", "0.7684621972443856", "0.736812094553145"
"W3G", "SANTINIS", "100000", "5000", "MIX", "0.7", "1000", "12", "", "0.7948441015676563", "0.69105", "0.53474605", "0.7716636837211264", "0.7393218881599"
"W3G", "SANTINIS", "100000", "5000", "MIX", "0.9", "200", "12", "", "0.8939238185108661", "0.5962916666666667", "0.44941998", "0.8127853226715944", "0.7153855652618896"
"W3G", "SANTINIS", "100000", "5000", "MIX", "0.9", "300", "12", "", "0.887940543300288", "0.60075", "0.5390987", "0.8104526264894207", "0.7166436084225845"
"W3G", "SANTINIS", "100000", "5000", "MIX", "0.9", "500", "12", "", "0.8903184208639925", "0.6003583333333333", "0.5386202", "0.8118930636314173", "0.7171374770296001"
"W3G", "SANTINIS", "100000", "5000", "MIX", "0.9", "1000", "12", "", "0.8900871311830086", "0.5992083333333333", "0.4494147", "0.811318120038689", "0.7162415237339443"
"W3G", "SANTINIS", "100000", "10000", "MIX", "0.5", "200", "12", "", "0.5710526965300916", "0.8132", "0.669967", "0.6072148820477139", "0.6709469361805582"
"W3G", "SANTINIS", "100000", "10000", "MIX", "0.5", "300", "12", "", "0.5754058291108122", "0.8105166666666666", "0.667005", "0.6108439747860992", "0.6730188968176551"
"W3G", "SANTINIS", "100000", "10000", "MIX", "0.5", "500", "12", "", "0.5729634527587691", "0.807925", "0.6666623", "0.6083474968521466", "0.6704545854450644"
"W3G", "SANTINIS", "100000", "10000", "MIX", "0.5", "1000", "12", "", "0.5741429716845973", "0.8086833333333333", "0.6704365", "0.6094971521392318", "0.6715230256569141"
"W3G", "SANTINIS", "100000", "10000", "MIX", "0.7", "200", "12", "", "0.7210685788146162", "0.7385666666666667", "0.61325616", "0.7245015503659771", "0.7297127393187639"
"W3G", "SANTINIS", "100000", "10000", "MIX", "0.7", "300", "12", "", "0.7171758434557", "0.7389166666666668", "0.6158521", "0.7214210549453772", "0.7278839496476864"
"W3G", "SANTINIS", "100000", "10000", "MIX", "0.7", "500", "12", "", "0.7213180049938445", "0.7384333333333334", "0.60590494", "0.724677303505923", "0.7297753320525765"
"W3G", "SANTINIS", "100000", "10000", "MIX", "0.7", "1000", "12", "", "0.7178807656524527", "0.7375666666666666", "0.6082665", "0.7217334269626628", "0.727590583663622"
"W3G", "SANTINIS", "100000", "10000", "MIX", "0.9", "200", "12", "", "0.7994178645300254", "0.6455000000000001", "0.53821397", "0.7630293744039415", "0.7142609891143863"
"W3G", "SANTINIS", "100000", "10000", "MIX", "0.9", "300", "12", "", "0.7897864328800875", "0.6455666666666667", "0.5378333", "0.7560079568757186", "0.710431175456346"
"W3G", "SANTINIS", "100000", "10000", "MIX", "0.9", "500", "12", "", "0.7911287222400508", "0.6477083333333333", "0.5332538", "0.7575789700091063", "0.7122705995781163"
"W3G", "SANTINIS", "100000", "10000", "MIX", "0.9", "1000", "12", "", "0.8003078722501362", "0.648025", "0.5348897", "0.7643825985035542", "0.7161606545726812"
"W3G", "SANTINIS", "100000", "50000", "MIX", "0.5", "200", "12", "", "0.3167404717482843", "0.8495583333333334", "0.60994494", "0.3621687815262728", "0.46144179537053587"
"W3G", "SANTINIS", "100000", "50000", "MIX", "0.5", "300", "12", "", "0.31328072713593136", "0.8448333333333333", "0.6320748", "0.3583775567134473", "0.457070697972695"
"W3G", "SANTINIS", "100000", "50000", "MIX", "0.5", "500", "12", "", "0.3112637913779517", "0.847", "0.60679775", "0.3563417563132484", "0.45523383059998784"
"W3G", "SANTINIS", "100000", "50000", "MIX", "0.5", "1000", "12", "", "0.31443348885379746", "0.8488333333333333", "0.6091751", "0.3597283053737106", "0.4588829000617072"
"W3G", "SANTINIS", "100000", "50000", "MIX", "0.7", "200", "12", "", "0.47309787555039823", "0.8244416666666666", "0.60320395", "0.5171779530244094", "0.6012018721969394"
"W3G", "SANTINIS", "100000", "50000", "MIX", "0.7", "300", "12", "", "0.47467182610025144", "0.8269500000000001", "0.6123135", "0.5188800930188333", "0.6031396504308005"
"W3G", "SANTINIS", "100000", "50000", "MIX", "0.7", "500", "12", "", "0.47442846424672686", "0.826425", "0.62051535", "0.5186061099159386", "0.6028035506553217"
"W3G", "SANTINIS", "100000", "50000", "MIX", "0.7", "1000", "12", "", "0.4740756763317977", "0.8248416666666666", "0.61848015", "0.5181440915841845", "0.6020973899524099"
"W3G", "SANTINIS", "100000", "50000", "MIX", "0.9", "200", "12", "", "0.618291190296853", "0.7771083333333334", "0.580743", "0.6446401301728596", "0.688661889687743"
"W3G", "SANTINIS", "100000", "50000", "MIX", "0.9", "300", "12", "", "0.6131161807633041", "0.7774583333333333", "0.591906", "0.6401809670411287", "0.6855760395488033"
"W3G", "SANTINIS", "100000", "50000", "MIX", "0.9", "500", "12", "", "0.6143312550877663", "0.7767583333333333", "0.57586944", "0.6411450833133889", "0.6860620995059852"
"W3G", "SANTINIS", "100000", "50000", "MIX", "0.9", "1000", "12", "", "0.6126394185257548", "0.7757666666666667", "0.57421213", "0.6395355669711396", "0.6846199316570439"
"W3G", "SANTINIS", "100000", "90000", "MIX", "0.5", "200", "12", "", "0.26126021946932804", "0.8366916666666667", "0.5238039", "0.3029276878471297", "0.39818547829228945"
"W3G", "SANTINIS", "100000", "90000", "MIX", "0.5", "300", "12", "", "0.25998124447013765", "0.836475", "0.5067953", "0.30154599766930756", "0.39667394401725475"
"W3G", "SANTINIS", "100000", "90000", "MIX", "0.5", "500", "12", "", "0.25962273382502843", "0.8361583333333332", "0.5441864", "0.3011518998173351", "0.3962209585780446"
"W3G", "SANTINIS", "100000", "90000", "MIX", "0.5", "1000", "12", "", "0.2584639516224071", "0.836125", "0.5322099", "0.29990332189276003", "0.3948663491075224"
"W3G", "SANTINIS", "100000", "90000", "MIX", "0.7", "200", "12", "", "0.35238180020881077", "0.8393583333333333", "0.51366365", "0.39863792382271684", "0.49637432221259914"
"W3G", "SANTINIS", "100000", "90000", "MIX", "0.7", "300", "12", "", "0.35065557669026237", "0.8378916666666667", "0.49625385", "0.3968040899032529", "0.4944042186310157"
"W3G", "SANTINIS", "100000", "90000", "MIX", "0.7", "500", "12", "", "0.3524266748445088", "0.836325", "0.5310298", "0.3985465459689877", "0.4958869797224669"
"W3G", "SANTINIS", "100000", "90000", "MIX", "0.7", "1000", "12", "", "0.3528438448267119", "0.8377916666666666", "0.54771626", "0.39903994860865305", "0.4965577290058673"
"W3G", "SANTINIS", "100000", "90000", "MIX", "0.9", "200", "12", "", "0.46219435622442634", "0.8240250000000001", "0.525671", "0.5066922229721832", "0.5922157873689758"
"W3G", "SANTINIS", "100000", "90000", "MIX", "0.9", "300", "12", "", "0.47545679501087307", "0.820725", "0.5261802", "0.5191354884178445", "0.602105784215285"
"W3G", "SANTINIS", "100000", "90000", "MIX", "0.9", "500", "12", "", "0.4825620758784986", "0.8240083333333333", "0.52749026", "0.5261679656217241", "0.6086701016202904"
"W3G", "SANTINIS", "100000", "90000", "MIX", "0.9", "1000", "12", "", "0.485483665308397", "0.8238916666666668", "0.52741253", "0.5289349665195296", "0.6109568988855747"