"POS3G", "SANTINIS", "1330", "4", "cosine_sim", "0.5", "10", "12", "", "0.339331979082", "0.05175", "0.0", "0.160712081572", "0.0898043420907"
"POS3G", "SANTINIS", "1330", "4", "cosine_sim", "0.5", "50", "12", "", "0.421416923984", "0.0376666666667", "0.0", "0.138732967199", "0.069152420721"
"POS3G", "SANTINIS", "1330", "4", "cosine_sim", "0.5", "100", "12", "", "0.422090316574", "0.0378", "0.0", "0.139153004204", "0.0693861705345"
"POS3G", "SANTINIS", "1330", "4", "cosine_sim", "0.5", "200", "12", "", "0.421561327231", "0.03665", "0.0", "0.135966862777", "0.0674371047804"
"POS3G", "SANTINIS", "1330", "4", "cosine_sim", "0.5", "300", "12", "", "0.418669777789", "0.0352666666667", "0.0", "0.131893211912", "0.0650535451693"
"POS3G", "SANTINIS", "1330", "4", "cosine_sim", "0.5", "500", "12", "", "0.420109472178", "0.0362166666667", "0.0", "0.134651392079", "0.0666846074428"
"POS3G", "SANTINIS", "1330", "4", "cosine_sim", "0.7", "10", "12", "", "0.436194477895", "0.0640666666667", "0.0", "0.20178407436", "0.111723752768"
"POS3G", "SANTINIS", "1330", "4", "cosine_sim", "0.7", "50", "12", "", "0.435190972222", "0.0612416666667", "0.0", "0.19592384863", "0.107373360933"
"POS3G", "SANTINIS", "1330", "4", "cosine_sim", "0.7", "100", "12", "", "0.434746650815", "0.0591666666667", "0.0", "0.191554959542", "0.104157993975"
"POS3G", "SANTINIS", "1330", "4", "cosine_sim", "0.7", "200", "12", "", "0.434851188867", "0.060025", "0.0", "0.193361705574", "0.105488779614"
"POS3G", "SANTINIS", "1330", "4", "cosine_sim", "0.7", "300", "12", "", "0.434617939394", "0.060175", "0.0", "0.193635715693", "0.105713450701"
"POS3G", "SANTINIS", "1330", "4", "cosine_sim", "0.7", "500", "12", "", "0.434764518063", "0.0591416666667", "0.0", "0.191505316531", "0.104119766064"
"POS3G", "SANTINIS", "1330", "4", "cosine_sim", "0.9", "10", "12", "", "0.435239735339", "0.0800333333333", "0.0", "0.230572734606", "0.135204763983"
"POS3G", "SANTINIS", "1330", "4", "cosine_sim", "0.9", "50", "12", "", "0.435953222736", "0.08015", "0.0", "0.23092658753", "0.135405667948"
"POS3G", "SANTINIS", "1330", "4", "cosine_sim", "0.9", "100", "12", "", "0.436041210795", "0.0797083333333", "0.0", "0.230211221503", "0.134779055349"
"POS3G", "SANTINIS", "1330", "4", "cosine_sim", "0.9", "200", "12", "", "0.436151971844", "0.08055", "0.0", "0.231634139795", "0.135985706448"
"POS3G", "SANTINIS", "1330", "4", "cosine_sim", "0.9", "300", "12", "", "0.436162462435", "0.079825", "0.0", "0.230432816289", "0.134951606768"
"POS3G", "SANTINIS", "1330", "4", "cosine_sim", "0.9", "500", "12", "", "0.436215482119", "0.0803", "0.0", "0.231234401997", "0.135632345696"
"POS3G", "SANTINIS", "1330", "4", "minmax_sim", "0.5", "10", "12", "", "0.345671843524", "0.0857333333333", "0.0", "0.215185714403", "0.137391023449"
"POS3G", "SANTINIS", "1330", "4", "minmax_sim", "0.5", "50", "12", "", "0.289885275882", "0.0790083333333", "0.0", "0.188996939168", "0.124173213811"
"POS3G", "SANTINIS", "1330", "4", "minmax_sim", "0.5", "100", "12", "", "0.433073699326", "0.0791833333333", "0.0", "0.228673629334", "0.133886767405"
"POS3G", "SANTINIS", "1330", "4", "minmax_sim", "0.5", "200", "12", "", "0.431812322551", "0.0775", "0.0", "0.225565510173", "0.131414275744"
"POS3G", "SANTINIS", "1330", "4", "minmax_sim", "0.5", "300", "12", "", "0.43556001823", "0.0813166666667", "0.0", "0.232761872834", "0.13704734553"
"POS3G", "SANTINIS", "1330", "4", "minmax_sim", "0.5", "500", "12", "", "0.435971583023", "0.0811666666667", "0.0", "0.232609654917", "0.136854545865"
"POS3G", "SANTINIS", "1330", "4", "minmax_sim", "0.7", "10", "12", "", "0.438843326185", "0.072175", "0.0", "0.217674438947", "0.12396235299"
"POS3G", "SANTINIS", "1330", "4", "minmax_sim", "0.7", "50", "12", "", "0.438255272357", "0.0651916666667", "0.0", "0.204361194087", "0.11349991197"
"POS3G", "SANTINIS", "1330", "4", "minmax_sim", "0.7", "100", "12", "", "0.436007164713", "0.0613", "0.0", "0.196175558489", "0.107487850944"
"POS3G", "SANTINIS", "1330", "4", "minmax_sim", "0.7", "200", "12", "", "0.436712898067", "0.0625166666667", "0.0", "0.198767086846", "0.109375872769"
"POS3G", "SANTINIS", "1330", "4", "minmax_sim", "0.7", "300", "12", "", "0.437723695332", "0.063925", "0.0", "0.201763275559", "0.111558098265"
"POS3G", "SANTINIS", "1330", "4", "minmax_sim", "0.7", "500", "12", "", "0.437503830684", "0.0634583333333", "0.0", "0.200793949517", "0.110839763624"
"POS3G", "SANTINIS", "1330", "4", "minmax_sim", "0.9", "10", "12", "", "0.436427063252", "0.0792333333333", "0.0", "0.229502182057", "0.134117613869"
"POS3G", "SANTINIS", "1330", "4", "minmax_sim", "0.9", "50", "12", "", "0.437079263471", "0.080725", "0.0", "0.232132804404", "0.13628015848"
"POS3G", "SANTINIS", "1330", "4", "minmax_sim", "0.9", "100", "12", "", "0.435915744377", "0.0814", "0.0", "0.232979697756", "0.137183304309"
"POS3G", "SANTINIS", "1330", "4", "minmax_sim", "0.9", "200", "12", "", "0.436003929975", "0.0813583333333", "0.0", "0.232931554436", "0.137128490365"
"POS3G", "SANTINIS", "1330", "4", "minmax_sim", "0.9", "300", "12", "", "0.436260119206", "0.0817333333333", "0.0", "0.23360390229", "0.137673530692"
"POS3G", "SANTINIS", "1330", "4", "minmax_sim", "0.9", "500", "12", "", "0.436336924584", "0.081675", "0.0", "0.233526171324", "0.137594586627"
"POS3G", "SANTINIS", "1330", "10", "cosine_sim", "0.5", "10", "12", "", "0.565536499844", "0.161291666667", "0.0783754", "0.376708045142", "0.250998320713"
"POS3G", "SANTINIS", "1330", "10", "cosine_sim", "0.5", "50", "12", "", "0.77791005084", "0.112058333333", "0.0890206", "0.355469453677", "0.195897529239"
"POS3G", "SANTINIS", "1330", "10", "cosine_sim", "0.5", "100", "12", "", "0.723264752011", "0.0926333333333", "0.0", "0.306265049094", "0.164232337506"
"POS3G", "SANTINIS", "1330", "10", "cosine_sim", "0.5", "200", "12", "", "0.630258440234", "0.091175", "0.0", "0.288774942574", "0.159304545877"
"POS3G", "SANTINIS", "1330", "10", "cosine_sim", "0.5", "300", "12", "", "0.445933909107", "0.08355", "0.0", "0.238790915707", "0.140732428182"
"POS3G", "SANTINIS", "1330", "10", "cosine_sim", "0.5", "500", "12", "", "0.630615640021", "0.0877", "0.0", "0.281761311796", "0.15398520803"
"POS3G", "SANTINIS", "1330", "10", "cosine_sim", "0.7", "10", "12", "", "0.627860094457", "0.08935", "0.0", "0.28469284281", "0.156437562364"
"POS3G", "SANTINIS", "1330", "10", "cosine_sim", "0.7", "50", "12", "", "0.437585540458", "0.07855", "0.0", "0.228604717391", "0.133191154294"
"POS3G", "SANTINIS", "1330", "10", "cosine_sim", "0.7", "100", "12", "", "0.439587619331", "0.0801583333333", "0.0", "0.231752431948", "0.135591670272"
"POS3G", "SANTINIS", "1330", "10", "cosine_sim", "0.7", "200", "12", "", "0.439984608441", "0.0799166666667", "0.0", "0.231435820905", "0.135264539538"
"POS3G", "SANTINIS", "1330", "10", "cosine_sim", "0.7", "300", "12", "", "0.439171163833", "0.0796666666667", "0.0", "0.230836343282", "0.134867970923"
"POS3G", "SANTINIS", "1330", "10", "cosine_sim", "0.7", "500", "12", "", "0.437708603119", "0.07865", "0.0", "0.228800930181", "0.133340594801"
"POS3G", "SANTINIS", "1330", "10", "cosine_sim", "0.9", "10", "12", "", "0.435588261371", "0.0818833333333", "0.0", "0.233694204498", "0.137852663477"
"POS3G", "SANTINIS", "1330", "10", "cosine_sim", "0.9", "50", "12", "", "0.435816719133", "0.0830666666667", "0.0", "0.235663489181", "0.139537488101"
"POS3G", "SANTINIS", "1330", "10", "cosine_sim", "0.9", "100", "12", "", "0.435784228012", "0.083075", "0.0", "0.235669301763", "0.139547579719"
"POS3G", "SANTINIS", "1330", "10", "cosine_sim", "0.9", "200", "12", "", "0.435906391897", "0.0832", "0.0", "0.235898986844", "0.139730168505"
"POS3G", "SANTINIS", "1330", "10", "cosine_sim", "0.9", "300", "12", "", "0.435716156062", "0.0832", "0.0", "0.235854405261", "0.139720391284"
"POS3G", "SANTINIS", "1330", "10", "cosine_sim", "0.9", "500", "12", "", "0.435813466073", "0.083175", "0.0", "0.235837019394", "0.139690137297"
"POS3G", "SANTINIS", "1330", "10", "minmax_sim", "0.5", "10", "12", "", "0.411080559406", "0.183475", "0.0744394", "0.329363695381", "0.253712220646"
"POS3G", "SANTINIS", "1330", "10", "minmax_sim", "0.5", "50", "12", "", "0.718275221103", "0.1638", "0.086738", "0.428305801987", "0.266765188279"
"POS3G", "SANTINIS", "1330", "10", "minmax_sim", "0.5", "100", "12", "", "0.665976727294", "0.14705", "0.0833935", "0.390422958812", "0.240906908619"
"POS3G", "SANTINIS", "1330", "10", "minmax_sim", "0.5", "200", "12", "", "0.597936480624", "0.151575", "0.080016", "0.376305748534", "0.241843452418"
"POS3G", "SANTINIS", "1330", "10", "minmax_sim", "0.5", "300", "12", "", "0.668205084741", "0.155158333333", "0.0834949", "0.402213286861", "0.25183918789"
"POS3G", "SANTINIS", "1330", "10", "minmax_sim", "0.5", "500", "12", "", "0.66747418736", "0.162866666667", "0.0843116", "0.41210830512", "0.26184258056"
"POS3G", "SANTINIS", "1330", "10", "minmax_sim", "0.7", "10", "12", "", "0.482939823573", "0.10415", "0.0741936", "0.279577297786", "0.171347485872"
"POS3G", "SANTINIS", "1330", "10", "minmax_sim", "0.7", "50", "12", "", "0.466752308536", "0.100008333333", "0.0733397", "0.269265653475", "0.164722519553"
"POS3G", "SANTINIS", "1330", "10", "minmax_sim", "0.7", "100", "12", "", "0.310159561604", "0.0979083333333", "0.0", "0.216354468413", "0.148834084332"
"POS3G", "SANTINIS", "1330", "10", "minmax_sim", "0.7", "200", "12", "", "0.464098634001", "0.09735", "0.0", "0.264675303628", "0.160940820883"
"POS3G", "SANTINIS", "1330", "10", "minmax_sim", "0.7", "300", "12", "", "0.466573730556", "0.0993916666667", "0.0", "0.268321796157", "0.163874119974"
"POS3G", "SANTINIS", "1330", "10", "minmax_sim", "0.7", "500", "12", "", "0.463626474812", "0.0972416666667", "0.0", "0.264392292925", "0.160764385735"
"POS3G", "SANTINIS", "1330", "10", "minmax_sim", "0.9", "10", "12", "", "0.320703779156", "0.0888083333333", "0.0", "0.210679126758", "0.139098049859"
"POS3G", "SANTINIS", "1330", "10", "minmax_sim", "0.9", "50", "12", "", "0.454890350877", "0.0841166666667", "0.0", "0.241761045687", "0.141979079193"
"POS3G", "SANTINIS", "1330", "10", "minmax_sim", "0.9", "100", "12", "", "0.468989705108", "0.0846833333333", "0.0", "0.245849193581", "0.143462328017"
"POS3G", "SANTINIS", "1330", "10", "minmax_sim", "0.9", "200", "12", "", "0.458251955497", "0.0839333333333", "0.0", "0.242212385245", "0.14187996216"
"POS3G", "SANTINIS", "1330", "10", "minmax_sim", "0.9", "300", "12", "", "0.482771136519", "0.084825", "0.0", "0.249072494071", "0.144296477796"
"POS3G", "SANTINIS", "1330", "10", "minmax_sim", "0.9", "500", "12", "", "0.458937486089", "0.083975", "0.0", "0.242434938392", "0.141972330281"
"POS3G", "SANTINIS", "1330", "20", "cosine_sim", "0.5", "10", "12", "", "0.524818255559", "0.281808333333", "0.152202", "0.447619671494", "0.366707866908"
"POS3G", "SANTINIS", "1330", "20", "cosine_sim", "0.5", "50", "12", "", "0.872338328267", "0.241", "0.182425", "0.572425935559", "0.377663342355"
"POS3G", "SANTINIS", "1330", "20", "cosine_sim", "0.5", "100", "12", "", "0.872098254549", "0.259875", "0.18247", "0.592793316696", "0.400427365205"
"POS3G", "SANTINIS", "1330", "20", "cosine_sim", "0.5", "200", "12", "", "0.873368220685", "0.274316666667", "0.183177", "0.607873788819", "0.417500416205"
"POS3G", "SANTINIS", "1330", "20", "cosine_sim", "0.5", "300", "12", "", "0.873421852394", "0.263783333333", "0.182827", "0.597323139456", "0.405193593069"
"POS3G", "SANTINIS", "1330", "20", "cosine_sim", "0.5", "500", "12", "", "0.873558497286", "0.259975", "0.18269", "0.593436885759", "0.400699883816"
"POS3G", "SANTINIS", "1330", "20", "cosine_sim", "0.7", "10", "12", "", "0.796610399788", "0.1258", "0.0900228", "0.3854931008", "0.217286336573"
"POS3G", "SANTINIS", "1330", "20", "cosine_sim", "0.7", "50", "12", "", "0.663718989847", "0.109883333333", "0.0831872", "0.330530257987", "0.188550765208"
"POS3G", "SANTINIS", "1330", "20", "cosine_sim", "0.7", "100", "12", "", "0.660234985388", "0.103083333333", "0.0830131", "0.317272204899", "0.178324616108"
"POS3G", "SANTINIS", "1330", "20", "cosine_sim", "0.7", "200", "12", "", "0.498498222172", "0.0954333333333", "0.0", "0.270232001483", "0.160198078589"
"POS3G", "SANTINIS", "1330", "20", "cosine_sim", "0.7", "300", "12", "", "0.664003765154", "0.0991583333333", "0.0", "0.310386591105", "0.172549204973"
"POS3G", "SANTINIS", "1330", "20", "cosine_sim", "0.7", "500", "12", "", "0.663067156132", "0.0987583333333", "0.0", "0.309438507399", "0.171911830552"
"POS3G", "SANTINIS", "1330", "20", "cosine_sim", "0.9", "10", "12", "", "0.474131497381", "0.084325", "0.0", "0.246361760948", "0.14318443318"
"POS3G", "SANTINIS", "1330", "20", "cosine_sim", "0.9", "50", "12", "", "0.498256624826", "0.0837333333333", "0.0", "0.250367204042", "0.143372535788"
"POS3G", "SANTINIS", "1330", "20", "cosine_sim", "0.9", "100", "12", "", "0.435691878703", "0.0833333333333", "0.0", "0.236062849373", "0.139907101684"
"POS3G", "SANTINIS", "1330", "20", "cosine_sim", "0.9", "200", "12", "", "0.519101156237", "0.08375", "0.0", "0.254505695944", "0.144230367264"
"POS3G", "SANTINIS", "1330", "20", "cosine_sim", "0.9", "300", "12", "", "0.435615960969", "0.0833333333333", "0.0", "0.236045018506", "0.139903186995"
"POS3G", "SANTINIS", "1330", "20", "cosine_sim", "0.9", "500", "12", "", "0.435653916529", "0.0833333333333", "0.0", "0.236053933603", "0.139905144312"
"POS3G", "SANTINIS", "1330", "20", "minmax_sim", "0.5", "10", "12", "", "0.380007352365", "0.32765", "0.165799", "0.368238694893", "0.351891797877"
"POS3G", "SANTINIS", "1330", "20", "minmax_sim", "0.5", "50", "12", "", "0.768977465341", "0.361375", "0.236515", "0.627437478789", "0.491685983016"
"POS3G", "SANTINIS", "1330", "20", "minmax_sim", "0.5", "100", "12", "", "0.77648158273", "0.388316666667", "0.238187", "0.647110133062", "0.517721828806"
"POS3G", "SANTINIS", "1330", "20", "minmax_sim", "0.5", "200", "12", "", "0.726910862648", "0.377125", "0.223158", "0.613167502352", "0.496607525807"
"POS3G", "SANTINIS", "1330", "20", "minmax_sim", "0.5", "300", "12", "", "0.785752630141", "0.385816666667", "0.233941", "0.650824278273", "0.517522030343"
"POS3G", "SANTINIS", "1330", "20", "minmax_sim", "0.5", "500", "12", "", "0.786378554394", "0.384525", "0.225898", "0.650430207361", "0.516493800866"
"POS3G", "SANTINIS", "1330", "20", "minmax_sim", "0.7", "10", "12", "", "0.660944462427", "0.197875", "0.0839063", "0.450221639746", "0.304567819488"
"POS3G", "SANTINIS", "1330", "20", "minmax_sim", "0.7", "50", "12", "", "0.634893992082", "0.18025", "0.0829315", "0.422008072685", "0.280783869315"
"POS3G", "SANTINIS", "1330", "20", "minmax_sim", "0.7", "100", "12", "", "0.62435467811", "0.154241666667", "0.0813743", "0.387899179161", "0.247372099263"
"POS3G", "SANTINIS", "1330", "20", "minmax_sim", "0.7", "200", "12", "", "0.626221616712", "0.174175", "0.082488", "0.412239654689", "0.272545255223"
"POS3G", "SANTINIS", "1330", "20", "minmax_sim", "0.7", "300", "12", "", "0.533523895947", "0.15755", "0.0770832", "0.361153921902", "0.243263970176"
"POS3G", "SANTINIS", "1330", "20", "minmax_sim", "0.7", "500", "12", "", "0.529644597826", "0.151625", "0.0766863", "0.353420516627", "0.235757950749"
"POS3G", "SANTINIS", "1330", "20", "minmax_sim", "0.9", "10", "12", "", "0.676249308284", "0.105991666667", "0.0838132", "0.325739640666", "0.183260129711"
"POS3G", "SANTINIS", "1330", "20", "minmax_sim", "0.9", "50", "12", "", "0.808877144966", "0.0965916666667", "0.0", "0.326840393568", "0.172575334583"
"POS3G", "SANTINIS", "1330", "20", "minmax_sim", "0.9", "100", "12", "", "0.787051618548", "0.0978416666667", "0.0", "0.326736452912", "0.17404684474"
"POS3G", "SANTINIS", "1330", "20", "minmax_sim", "0.9", "200", "12", "", "0.808469987606", "0.09535", "0.0", "0.323932925955", "0.170581784814"
"POS3G", "SANTINIS", "1330", "20", "minmax_sim", "0.9", "300", "12", "", "0.777231269692", "0.0965666666667", "0.0", "0.322538745441", "0.171789448842"
"POS3G", "SANTINIS", "1330", "20", "minmax_sim", "0.9", "500", "12", "", "0.776920384952", "0.0974", "0.0", "0.32434943474", "0.173099122008"
"POS3G", "SANTINIS", "1330", "40", "cosine_sim", "0.5", "10", "12", "", "0.493844600197", "0.404025", "0.251969", "0.472821809103", "0.444442187487"
"POS3G", "SANTINIS", "1330", "40", "cosine_sim", "0.5", "50", "12", "", "0.875896138413", "0.447358333333", "0.368638", "0.735067541944", "0.592235953129"
"POS3G", "SANTINIS", "1330", "40", "cosine_sim", "0.5", "100", "12", "", "0.885429887428", "0.458675", "0.370057", "0.746516840047", "0.604304853609"
"POS3G", "SANTINIS", "1330", "40", "cosine_sim", "0.5", "200", "12", "", "0.885527390332", "0.457158333333", "0.37148", "0.745766863317", "0.603009652594"
"POS3G", "SANTINIS", "1330", "40", "cosine_sim", "0.5", "300", "12", "", "0.879061572544", "0.454158333333", "0.369269", "0.740501341256", "0.598900656859"
"POS3G", "SANTINIS", "1330", "40", "cosine_sim", "0.5", "500", "12", "", "0.881181613989", "0.465958333333", "0.37089", "0.747890128283", "0.60957871086"
"POS3G", "SANTINIS", "1330", "40", "cosine_sim", "0.7", "10", "12", "", "0.801410107217", "0.190508333333", "0.0951665", "0.488266156237", "0.307838422195"
"POS3G", "SANTINIS", "1330", "40", "cosine_sim", "0.7", "50", "12", "", "0.897081909917", "0.239133333333", "0.187018", "0.578658888819", "0.377608360152"
"POS3G", "SANTINIS", "1330", "40", "cosine_sim", "0.7", "100", "12", "", "0.924436121358", "0.220275", "0.19032", "0.563904992604", "0.355775641265"
"POS3G", "SANTINIS", "1330", "40", "cosine_sim", "0.7", "200", "12", "", "0.904073062982", "0.233283333333", "0.188162", "0.573983353564", "0.370869110848"
"POS3G", "SANTINIS", "1330", "40", "cosine_sim", "0.7", "300", "12", "", "0.923176320524", "0.232066666667", "0.190311", "0.578571559945", "0.370897644608"
"POS3G", "SANTINIS", "1330", "40", "cosine_sim", "0.7", "500", "12", "", "0.908331247247", "0.226225", "0.188396", "0.566632735677", "0.362233669608"
"POS3G", "SANTINIS", "1330", "40", "cosine_sim", "0.9", "10", "12", "", "0.920198186093", "0.104975", "0.0960109", "0.360413160721", "0.188451679961"
"POS3G", "SANTINIS", "1330", "40", "cosine_sim", "0.9", "50", "12", "", "0.922471113642", "0.09875", "0.0", "0.345715445025", "0.17840215259"
"POS3G", "SANTINIS", "1330", "40", "cosine_sim", "0.9", "100", "12", "", "0.957482696446", "0.0945833333333", "0.0", "0.338975963082", "0.172160116334"
"POS3G", "SANTINIS", "1330", "40", "cosine_sim", "0.9", "200", "12", "", "0.93630017452", "0.0916666666667", "0.0", "0.329354183409", "0.166984989319"
"POS3G", "SANTINIS", "1330", "40", "cosine_sim", "0.9", "300", "12", "", "0.908446266892", "0.0904166666667", "0.0", "0.323351889143", "0.164464373516"
"POS3G", "SANTINIS", "1330", "40", "cosine_sim", "0.9", "500", "12", "", "0.936109899695", "0.0895833333333", "0.0", "0.323922451913", "0.163518374658"
"POS3G", "SANTINIS", "1330", "40", "minmax_sim", "0.5", "10", "12", "", "0.341673854419", "0.439075", "0.260068", "0.357536504359", "0.384298860715"
"POS3G", "SANTINIS", "1330", "40", "minmax_sim", "0.5", "50", "12", "", "0.627436384457", "0.490608333333", "0.330975", "0.594287652264", "0.550649744063"
"POS3G", "SANTINIS", "1330", "40", "minmax_sim", "0.5", "100", "12", "", "0.577424060649", "0.487925", "0.321929", "0.556990539088", "0.528915160672"
"POS3G", "SANTINIS", "1330", "40", "minmax_sim", "0.5", "200", "12", "", "0.708989311513", "0.489725", "0.324721", "0.65072000754", "0.579303654334"
"POS3G", "SANTINIS", "1330", "40", "minmax_sim", "0.5", "300", "12", "", "0.674943666492", "0.483975", "0.339898", "0.625575298098", "0.563725256025"
"POS3G", "SANTINIS", "1330", "40", "minmax_sim", "0.5", "500", "12", "", "0.753994107437", "0.483583333333", "0.343409", "0.678152107251", "0.589246332029"
"POS3G", "SANTINIS", "1330", "40", "minmax_sim", "0.7", "10", "12", "", "0.620699151913", "0.301475", "0.223226", "0.512223156972", "0.40583500727"
"POS3G", "SANTINIS", "1330", "40", "minmax_sim", "0.7", "50", "12", "", "0.823697441134", "0.371608333333", "0.269459", "0.662501094427", "0.512158210575"
"POS3G", "SANTINIS", "1330", "40", "minmax_sim", "0.7", "100", "12", "", "0.818015358546", "0.359841666667", "0.263745", "0.651985367763", "0.499816197853"
"POS3G", "SANTINIS", "1330", "40", "minmax_sim", "0.7", "200", "12", "", "0.811620161621", "0.369475", "0.263101", "0.654882547535", "0.507788650668"
"POS3G", "SANTINIS", "1330", "40", "minmax_sim", "0.7", "300", "12", "", "0.816250860831", "0.375366666667", "0.263989", "0.660980816598", "0.514247831579"
"POS3G", "SANTINIS", "1330", "40", "minmax_sim", "0.7", "500", "12", "", "0.809680276071", "0.371591666667", "0.262566", "0.655192273407", "0.50940081173"
"POS3G", "SANTINIS", "1330", "40", "minmax_sim", "0.9", "10", "12", "", "0.736474200974", "0.153641666667", "0.0869729", "0.418762771744", "0.254243582905"
"POS3G", "SANTINIS", "1330", "40", "minmax_sim", "0.9", "50", "12", "", "0.89360287194", "0.151608333333", "0.0948707", "0.451581240507", "0.259234959199"
"POS3G", "SANTINIS", "1330", "40", "minmax_sim", "0.9", "100", "12", "", "0.819435381767", "0.136966666667", "0.091284", "0.410426258477", "0.234703246345"
"POS3G", "SANTINIS", "1330", "40", "minmax_sim", "0.9", "200", "12", "", "0.829107228763", "0.127058333333", "0.0917395", "0.393859969655", "0.220348832498"
"POS3G", "SANTINIS", "1330", "40", "minmax_sim", "0.9", "300", "12", "", "0.824210155472", "0.137416666667", "0.0915247", "0.412192018865", "0.235559594617"
"POS3G", "SANTINIS", "1330", "40", "minmax_sim", "0.9", "500", "12", "", "0.82774049217", "0.13785", "0.0916998", "0.413678038943", "0.236340410911"
"POS3G", "SANTINIS", "1330", "100", "cosine_sim", "0.5", "10", "12", "", "0.480880559033", "0.544033333333", "0.335432", "0.492310285274", "0.510511283756"
"POS3G", "SANTINIS", "1330", "100", "cosine_sim", "0.5", "50", "12", "", "0.575534354894", "0.586466666667", "0.419715", "0.577688088995", "0.580949084216"
"POS3G", "SANTINIS", "1330", "100", "cosine_sim", "0.5", "100", "12", "", "0.588351589688", "0.595316666667", "0.430746", "0.589731536119", "0.591813635824"
"POS3G", "SANTINIS", "1330", "100", "cosine_sim", "0.5", "200", "12", "", "0.583688096233", "0.594525", "0.435115", "0.585823756018", "0.589056710577"
"POS3G", "SANTINIS", "1330", "100", "cosine_sim", "0.5", "300", "12", "", "0.601314557525", "0.599566666667", "0.445759", "0.60096416454", "0.600439340062"
"POS3G", "SANTINIS", "1330", "100", "cosine_sim", "0.5", "500", "12", "", "0.58344721791", "0.590858333333", "0.449516", "0.584914530412", "0.587129389616"
"POS3G", "SANTINIS", "1330", "100", "cosine_sim", "0.7", "10", "12", "", "0.611287477953", "0.419566666667", "0.314317", "0.560099987376", "0.497598716246"
"POS3G", "SANTINIS", "1330", "100", "cosine_sim", "0.7", "50", "12", "", "0.806176018097", "0.443216666667", "0.362081", "0.692719530387", "0.571974931252"
"POS3G", "SANTINIS", "1330", "100", "cosine_sim", "0.7", "100", "12", "", "0.720134164571", "0.432533333333", "0.355466", "0.635608216074", "0.540454261468"
"POS3G", "SANTINIS", "1330", "100", "cosine_sim", "0.7", "200", "12", "", "0.906239232447", "0.43715", "0.379237", "0.746113880687", "0.589795527455"
"POS3G", "SANTINIS", "1330", "100", "cosine_sim", "0.7", "300", "12", "", "0.886657560345", "0.440775", "0.378298", "0.737457064016", "0.58883064622"
"POS3G", "SANTINIS", "1330", "100", "cosine_sim", "0.7", "500", "12", "", "0.906854817362", "0.43875", "0.378189", "0.747378385407", "0.591380984943"
"POS3G", "SANTINIS", "1330", "100", "cosine_sim", "0.9", "10", "12", "", "0.781420346053", "0.167191666667", "0.0894382", "0.450448696885", "0.275448694033"
"POS3G", "SANTINIS", "1330", "100", "cosine_sim", "0.9", "50", "12", "", "0.948854526264", "0.174783333333", "0.0982048", "0.503171051847", "0.295191116128"
"POS3G", "SANTINIS", "1330", "100", "cosine_sim", "0.9", "100", "12", "", "0.93589904984", "0.187633333333", "0.0976648", "0.520643045452", "0.312595989248"
"POS3G", "SANTINIS", "1330", "100", "cosine_sim", "0.9", "200", "12", "", "0.931281096177", "0.200916666667", "0.191547", "0.539237830616", "0.330525107387"
"POS3G", "SANTINIS", "1330", "100", "cosine_sim", "0.9", "300", "12", "", "0.931786074174", "0.184275", "0.0974633", "0.514429599107", "0.307697997523"
"POS3G", "SANTINIS", "1330", "100", "cosine_sim", "0.9", "500", "12", "", "0.935408892907", "0.194291666667", "0.0976415", "0.530610611023", "0.321752788874"
"POS3G", "SANTINIS", "1330", "100", "minmax_sim", "0.5", "10", "12", "", "0.284486899903", "0.567358333333", "0.325486", "0.315996582986", "0.378956193183"
"POS3G", "SANTINIS", "1330", "100", "minmax_sim", "0.5", "50", "12", "", "0.331570646831", "0.572041666667", "0.406135", "0.362006191334", "0.419808855186"
"POS3G", "SANTINIS", "1330", "100", "minmax_sim", "0.5", "100", "12", "", "0.332738431417", "0.566541666667", "0.424378", "0.362672314657", "0.419246875141"
"POS3G", "SANTINIS", "1330", "100", "minmax_sim", "0.5", "200", "12", "", "0.372007932571", "0.57515", "0.414999", "0.400283857222", "0.451794479169"
"POS3G", "SANTINIS", "1330", "100", "minmax_sim", "0.5", "300", "12", "", "0.355057718373", "0.572091666667", "0.417597", "0.384209139888", "0.438172240945"
"POS3G", "SANTINIS", "1330", "100", "minmax_sim", "0.5", "500", "12", "", "0.381526372413", "0.57725", "0.425211", "0.409280690822", "0.459410775677"
"POS3G", "SANTINIS", "1330", "100", "minmax_sim", "0.7", "10", "12", "", "0.460663661786", "0.48205", "0.264995", "0.464787760214", "0.471114246384"
"POS3G", "SANTINIS", "1330", "100", "minmax_sim", "0.7", "50", "12", "", "0.610003648677", "0.494541666667", "0.363532", "0.58279051286", "0.546237835422"
"POS3G", "SANTINIS", "1330", "100", "minmax_sim", "0.7", "100", "12", "", "0.560595848222", "0.518458333333", "0.42567", "0.551629155906", "0.538704347031"
"POS3G", "SANTINIS", "1330", "100", "minmax_sim", "0.7", "200", "12", "", "0.694900504774", "0.515733333333", "0.432667", "0.649755160572", "0.592059039457"
"POS3G", "SANTINIS", "1330", "100", "minmax_sim", "0.7", "300", "12", "", "0.64394928884", "0.518083333333", "0.441093", "0.614110239002", "0.574199704369"
"POS3G", "SANTINIS", "1330", "100", "minmax_sim", "0.7", "500", "12", "", "0.625649384559", "0.505291666667", "0.442425", "0.597199454277", "0.559066133341"
"POS3G", "SANTINIS", "1330", "100", "minmax_sim", "0.9", "10", "12", "", "0.785501455533", "0.332483333333", "0.248068", "0.617287149782", "0.467208757891"
"POS3G", "SANTINIS", "1330", "100", "minmax_sim", "0.9", "50", "12", "", "0.875386837772", "0.374008333333", "0.274093", "0.690307808389", "0.524096746632"
"POS3G", "SANTINIS", "1330", "100", "minmax_sim", "0.9", "100", "12", "", "0.907067690579", "0.377791666667", "0.282524", "0.708538884117", "0.533416537259"
"POS3G", "SANTINIS", "1330", "100", "minmax_sim", "0.9", "200", "12", "", "0.901588710765", "0.391991666667", "0.283315", "0.715544313382", "0.546414072981"
"POS3G", "SANTINIS", "1330", "100", "minmax_sim", "0.9", "300", "12", "", "0.894844433144", "0.379458333333", "0.282286", "0.703691520499", "0.53292857259"
"POS3G", "SANTINIS", "1330", "100", "minmax_sim", "0.9", "500", "12", "", "0.904344119174", "0.386566666667", "0.282403", "0.713269715633", "0.541616501316"
"POS3G", "SANTINIS", "1330", "500", "cosine_sim", "0.5", "10", "12", "", "0.31535198338", "0.618408333333", "0.326806", "0.349618718476", "0.417700968792"
"POS3G", "SANTINIS", "1330", "500", "cosine_sim", "0.5", "50", "12", "", "0.319005110774", "0.643466666667", "0.378457", "0.354784399503", "0.426545816908"
"POS3G", "SANTINIS", "1330", "500", "cosine_sim", "0.5", "100", "12", "", "0.322628961687", "0.640608333333", "0.366562", "0.358187762164", "0.429133719178"
"POS3G", "SANTINIS", "1330", "500", "cosine_sim", "0.5", "200", "12", "", "0.32093882619", "0.6391", "0.374574", "0.356426573664", "0.427299392946"
"POS3G", "SANTINIS", "1330", "500", "cosine_sim", "0.5", "300", "12", "", "0.326927445386", "0.638533333333", "0.385744", "0.362286823316", "0.432444437023"
"POS3G", "SANTINIS", "1330", "500", "cosine_sim", "0.5", "500", "12", "", "0.326911655554", "0.639425", "0.393485", "0.362328643008", "0.432634908655"
"POS3G", "SANTINIS", "1330", "500", "cosine_sim", "0.7", "10", "12", "", "0.461264086699", "0.562908333333", "0.293604", "0.478546288469", "0.507042355744"
"POS3G", "SANTINIS", "1330", "500", "cosine_sim", "0.7", "50", "12", "", "0.502373991247", "0.585441666667", "0.317498", "0.517046626908", "0.540736226006"
"POS3G", "SANTINIS", "1330", "500", "cosine_sim", "0.7", "100", "12", "", "0.513771115308", "0.5932", "0.339628", "0.527908396202", "0.550635913415"
"POS3G", "SANTINIS", "1330", "500", "cosine_sim", "0.7", "200", "12", "", "0.513131918419", "0.585075", "0.333877", "0.526069424034", "0.546746978431"
"POS3G", "SANTINIS", "1330", "500", "cosine_sim", "0.7", "300", "12", "", "0.511053545458", "0.58595", "0.341671", "0.524460922764", "0.545945044938"
"POS3G", "SANTINIS", "1330", "500", "cosine_sim", "0.7", "500", "12", "", "0.519564489808", "0.596325", "0.352363", "0.533293885948", "0.555304619704"
"POS3G", "SANTINIS", "1330", "500", "cosine_sim", "0.9", "10", "12", "", "0.568418033831", "0.474125", "0.246258", "0.546673756675", "0.517007339831"
"POS3G", "SANTINIS", "1330", "500", "cosine_sim", "0.9", "50", "12", "", "0.590974613928", "0.477641666667", "0.282516", "0.56420036268", "0.528298332489"
"POS3G", "SANTINIS", "1330", "500", "cosine_sim", "0.9", "100", "12", "", "0.583878869299", "0.49135", "0.280845", "0.562686346098", "0.533633146619"
"POS3G", "SANTINIS", "1330", "500", "cosine_sim", "0.9", "200", "12", "", "0.591731827516", "0.486925", "0.295961", "0.567310012009", "0.534236677993"
"POS3G", "SANTINIS", "1330", "500", "cosine_sim", "0.9", "300", "12", "", "0.592192663537", "0.483408333333", "0.28861", "0.566687627824", "0.5322993737"
"POS3G", "SANTINIS", "1330", "500", "cosine_sim", "0.9", "500", "12", "", "0.593919557004", "0.4828", "0.308659", "0.567783733895", "0.532625901064"
"POS3G", "SANTINIS", "1330", "500", "minmax_sim", "0.5", "10", "12", "", "0.188466446013", "0.59605", "0.196153", "0.218324892681", "0.286381313526"
"POS3G", "SANTINIS", "1330", "500", "minmax_sim", "0.5", "50", "12", "", "0.190989419347", "0.614158333333", "0.31214", "0.221515212754", "0.29136948611"
"POS3G", "SANTINIS", "1330", "500", "minmax_sim", "0.5", "100", "12", "", "0.191953977454", "0.613675", "0.310656", "0.222540154697", "0.292435749981"
"POS3G", "SANTINIS", "1330", "500", "minmax_sim", "0.5", "200", "12", "", "0.194903439061", "0.618741666667", "0.345225", "0.225844093435", "0.296431153767"
"POS3G", "SANTINIS", "1330", "500", "minmax_sim", "0.5", "300", "12", "", "0.194685783609", "0.616216666667", "0.382465", "0.225542881492", "0.295889165416"
"POS3G", "SANTINIS", "1330", "500", "minmax_sim", "0.5", "500", "12", "", "0.193288703168", "0.615125", "0.378721", "0.22401315032", "0.294148189399"
"POS3G", "SANTINIS", "1330", "500", "minmax_sim", "0.7", "10", "12", "", "0.24727613471", "0.586091666667", "0.201562", "0.279603504468", "0.347809170644"
"POS3G", "SANTINIS", "1330", "500", "minmax_sim", "0.7", "50", "12", "", "0.247457483508", "0.587466666667", "0.266253", "0.279851521359", "0.348230490033"
"POS3G", "SANTINIS", "1330", "500", "minmax_sim", "0.7", "100", "12", "", "0.24613816051", "0.589675", "0.301459", "0.278599880022", "0.347306136482"
"POS3G", "SANTINIS", "1330", "500", "minmax_sim", "0.7", "200", "12", "", "0.245975850128", "0.594891666667", "0.311193", "0.278664280823", "0.348042897412"
"POS3G", "SANTINIS", "1330", "500", "minmax_sim", "0.7", "300", "12", "", "0.247025690982", "0.595", "0.347013", "0.279746571644", "0.349111167768"
"POS3G", "SANTINIS", "1330", "500", "minmax_sim", "0.7", "500", "12", "", "0.247609635842", "0.590016666667", "0.356329", "0.280122597719", "0.348828138602"
"POS3G", "SANTINIS", "1330", "500", "minmax_sim", "0.9", "10", "12", "", "0.370019458901", "0.555833333333", "0.20596", "0.396531374087", "0.444280453576"
"POS3G", "SANTINIS", "1330", "500", "minmax_sim", "0.9", "50", "12", "", "0.38865668215", "0.567275", "0.272467", "0.414776907246", "0.461278192749"
"POS3G", "SANTINIS", "1330", "500", "minmax_sim", "0.9", "100", "12", "", "0.393004077297", "0.567691666667", "0.288963", "0.418776916432", "0.464465760465"
"POS3G", "SANTINIS", "1330", "500", "minmax_sim", "0.9", "200", "12", "", "0.396530467352", "0.568975", "0.316231", "0.422117479608", "0.467352967519"
"POS3G", "SANTINIS", "1330", "500", "minmax_sim", "0.9", "300", "12", "", "0.393396629872", "0.566558333333", "0.364037", "0.419009678118", "0.464359574151"
"POS3G", "SANTINIS", "1330", "500", "minmax_sim", "0.9", "500", "12", "", "0.393164460236", "0.568025", "0.360479", "0.418958879799", "0.464689328721"
"POS3G", "SANTINIS", "1330", "1000", "cosine_sim", "0.5", "10", "12", "", "0.245970975248", "0.629325", "0.278606", "0.280095013092", "0.353699064945"
"POS3G", "SANTINIS", "1330", "1000", "cosine_sim", "0.5", "50", "12", "", "0.240745670479", "0.631125", "0.320599", "0.274732572413", "0.3485393337"
"POS3G", "SANTINIS", "1330", "1000", "cosine_sim", "0.5", "100", "12", "", "0.240484520791", "0.629966666667", "0.323491", "0.274416589882", "0.348088977603"
"POS3G", "SANTINIS", "1330", "1000", "cosine_sim", "0.5", "200", "12", "", "0.239011566759", "0.632316666667", "0.329188", "0.272969305186", "0.346897968849"
"POS3G", "SANTINIS", "1330", "1000", "cosine_sim", "0.5", "300", "12", "", "0.23846220163", "0.63115", "0.334685", "0.272352570402", "0.346143759889"
"POS3G", "SANTINIS", "1330", "1000", "cosine_sim", "0.5", "500", "12", "", "0.240905841385", "0.632408333333", "0.336819", "0.274948037246", "0.348902756994"
"POS3G", "SANTINIS", "1330", "1000", "cosine_sim", "0.7", "10", "12", "", "0.31806446303", "0.6192", "0.29064", "0.352334644691", "0.420256017969"
"POS3G", "SANTINIS", "1330", "1000", "cosine_sim", "0.7", "50", "12", "", "0.30793242899", "0.6166", "0.32571", "0.342192474361", "0.410739806981"
"POS3G", "SANTINIS", "1330", "1000", "cosine_sim", "0.7", "100", "12", "", "0.299431397098", "0.612466666667", "0.326259", "0.333524676886", "0.402219846632"
"POS3G", "SANTINIS", "1330", "1000", "cosine_sim", "0.7", "200", "12", "", "0.294255649966", "0.611716666667", "0.328325", "0.328334646456", "0.397365531022"
"POS3G", "SANTINIS", "1330", "1000", "cosine_sim", "0.7", "300", "12", "", "0.298883281765", "0.612016666667", "0.33294", "0.332953918459", "0.401628192302"
"POS3G", "SANTINIS", "1330", "1000", "cosine_sim", "0.7", "500", "12", "", "0.295704921447", "0.613208333333", "0.339626", "0.329863922621", "0.39900116119"
"POS3G", "SANTINIS", "1330", "1000", "cosine_sim", "0.9", "10", "12", "", "0.421862257071", "0.576125", "0.239995", "0.445732023", "0.487071134693"
"POS3G", "SANTINIS", "1330", "1000", "cosine_sim", "0.9", "50", "12", "", "0.441129561908", "0.581733333333", "0.284059", "0.463536740661", "0.501767679079"
"POS3G", "SANTINIS", "1330", "1000", "cosine_sim", "0.9", "100", "12", "", "0.431837966345", "0.585083333333", "0.289285", "0.45570992824", "0.496913963527"
"POS3G", "SANTINIS", "1330", "1000", "cosine_sim", "0.9", "200", "12", "", "0.438625301028", "0.582766666667", "0.293695", "0.461452406219", "0.500525190486"
"POS3G", "SANTINIS", "1330", "1000", "cosine_sim", "0.9", "300", "12", "", "0.441772555587", "0.584725", "0.287107", "0.464483775781", "0.503294832335"
"POS3G", "SANTINIS", "1330", "1000", "cosine_sim", "0.9", "500", "12", "", "0.441773949084", "0.582158333333", "0.299585", "0.46415988642", "0.502342567619"
"POS3G", "SANTINIS", "1330", "1000", "minmax_sim", "0.5", "10", "12", "", "0.168315995021", "0.607933333333", "0.155438", "0.196774928057", "0.263639271994"
"POS3G", "SANTINIS", "1330", "1000", "minmax_sim", "0.5", "50", "12", "", "0.165808270071", "0.6098", "0.1736", "0.194068257385", "0.260724097437"
"POS3G", "SANTINIS", "1330", "1000", "minmax_sim", "0.5", "100", "12", "", "0.166535769963", "0.609966666667", "0.181417", "0.194868733733", "0.261637990284"
"POS3G", "SANTINIS", "1330", "1000", "minmax_sim", "0.5", "200", "12", "", "0.165666690129", "0.608975", "0.198739", "0.193896379832", "0.260473645834"
"POS3G", "SANTINIS", "1330", "1000", "minmax_sim", "0.5", "300", "12", "", "0.166059422685", "0.609433333333", "0.220004", "0.194336026292", "0.261000884181"
"POS3G", "SANTINIS", "1330", "1000", "minmax_sim", "0.5", "500", "12", "", "0.165121634073", "0.608816666667", "0.239662", "0.193295752835", "0.259785057167"
"POS3G", "SANTINIS", "1330", "1000", "minmax_sim", "0.7", "10", "12", "", "0.189596404386", "0.59795", "0.13698", "0.219588843097", "0.287904736461"
"POS3G", "SANTINIS", "1330", "1000", "minmax_sim", "0.7", "50", "12", "", "0.187165133547", "0.603158333333", "0.185626", "0.217113386762", "0.285681027425"
"POS3G", "SANTINIS", "1330", "1000", "minmax_sim", "0.7", "100", "12", "", "0.188770028176", "0.609383333333", "0.185599", "0.219002326025", "0.288248636292"
"POS3G", "SANTINIS", "1330", "1000", "minmax_sim", "0.7", "200", "12", "", "0.187726345488", "0.605383333333", "0.210024", "0.217775182954", "0.286584324516"
"POS3G", "SANTINIS", "1330", "1000", "minmax_sim", "0.7", "300", "12", "", "0.187261672202", "0.610041666667", "0.211337", "0.217393983545", "0.28655949886"
"POS3G", "SANTINIS", "1330", "1000", "minmax_sim", "0.7", "500", "12", "", "0.186763920424", "0.605125", "0.234391", "0.21673202406", "0.285432753084"
"POS3G", "SANTINIS", "1330", "1000", "minmax_sim", "0.9", "10", "12", "", "0.239077027004", "0.586216666667", "0.158267", "0.271195804673", "0.339638940468"
"POS3G", "SANTINIS", "1330", "1000", "minmax_sim", "0.9", "50", "12", "", "0.224295383699", "0.591733333333", "0.172595", "0.256100617779", "0.325290157754"
"POS3G", "SANTINIS", "1330", "1000", "minmax_sim", "0.9", "100", "12", "", "0.230466208897", "0.593516666667", "0.180893", "0.262591302585", "0.332010628232"
"POS3G", "SANTINIS", "1330", "1000", "minmax_sim", "0.9", "200", "12", "", "0.228923190966", "0.591858333333", "0.189098", "0.260923523019", "0.330148996427"
"POS3G", "SANTINIS", "1330", "1000", "minmax_sim", "0.9", "300", "12", "", "0.225204199656", "0.591208333333", "0.198684", "0.257028320714", "0.326165006435"
"POS3G", "SANTINIS", "1330", "1000", "minmax_sim", "0.9", "500", "12", "", "0.225481732639", "0.590375", "0.212112", "0.257285886922", "0.326328808922"